freedom,20,1
let,13,2
negro,13,3
day,12,4
dream,11,5
ring,11,6
come,10,7
every,10,8
nation,10,9
back,9,10
go,9,11
able,8,12
justice,8,13
must,8,14
satisfied,7,15
today,7,16
long,6,17
men,6,18
together,6,19
white,6,20
america,5,21
check,5,22
children,5,23
faith,5,24
free,5,25
great,5,26
new,5,27
shall,5,28
time,5,29
years,5,30
american,4,31
black,4,32
down,4,33
hope,4,34
hundred,4,35
into,4,36
land,4,37
later,4,38
mississippi,4,39
mountain,4,40
still,4,41
until,4,42
up,4,43
alabama,3,44
brotherhood,3,45
georgia,3,46
god's,3,47
here,3,48
injustice,3,49
join,3,50
little,3,51
made,3,52
make,3,53
never,3,54
no,3,55
note,3,56
people,3,57
rights,3,58
rise,3,59
sing,3,60
stand,3,61
state,3,62
sweltering,3,63
valley,3,64
we've,3,65
where,3,66
words,3,67
again,2,68
allow,2,69
am,2,70
believe,2,71
boys,2,72
brothers,2,73
brutality,2,74
came,2,75
cash,2,76
cities,2,77
color,2,78
content,2,79
continue,2,80
creative,2,81
despair,2,82
destiny,2,83
dignity,2,84
end,2,85
even,2,86
force,2,87
former,2,88
funds,2,89
girls,2,90
hands,2,91
heat,2,92
hill,2,93
history,2,94
insufficient,2,95
jail,2,96
knowing,2,97
last!,2,98
liberty,2,99
life,2,100
like,2,101
live,2,102
meaning,2,103
mighty,2,104
mountainside,2,105
negro's,2,106
off,2,107
only,2,108
physical,2,109
places,2,110
police,2,111
promissory,2,112
quest,2,113
racial,2,114
realize,2,115
refuse,2,116
say,2,117
segregation,2,118
slaves,2,119
sons,2,120
south,2,121
stone,2,122
struggle,2,123
suffering,2,124
thee,2,125
today!,2,126
true,2,127
urgency,2,128
vote,2,129
walk,2,130
work,2,131
york,2,132
'tis,1,133
ago,1,134
ahead,1,135
alleghenies,1,136
almighty,1,137
alone,1,138
also,1,139
always,1,140
architects,1,141
areas,1,142
asking,1,143
autumn,1,144
awakening,1,145
bad,1,146
bank,1,147
bankrupt,1,148
basic,1,149
battered,1,150
beacon,1,151
beautiful,1,152
become,1,153
beginning,1,154
believes,1,155
bitterness,1,156
blow,1,157
bodies,1,158
bound,1,159
bright,1,160
business,1,161
california,1,162
capital,1,163
captivity,1,164
carolina,1,165
catholics,1,166
cells,1,167
chains,1,168
changed,1,169
character,1,170
citizens,1,171
citizenship,1,172
city,1,173
civil,1,174
colorado,1,175
community,1,176
concerned,1,177
condition,1,178
conduct,1,179
constitution,1,180
cooling,1,181
corners,1,182
country,1,183
created,1,184
creed,1,185
crippled,1,186
crooked,1,187
cup,1,188
curvaceous,1,189
dark,1,190
daybreak,1,191
declaration,1,192
decree,1,193
deeds,1,194
deeply,1,195
defaulted,1,196
degenerate,1,197
demand,1,198
democracy,1,199
demonstration,1,200
desolate,1,201
devotees,1,202
died,1,203
difficulties,1,204
discipline,1,205
discontent,1,206
discords,1,207
discrimination,1,208
distrust,1,209
dramatize,1,210
drinking,1,211
dripping,1,212
drug,1,213
emancipation,1,214
emerges,1,215
engage,1,216
engulfed,1,217
equal,1,218
equality,1,219
evidenced,1,220
exalted,1,221
exile,1,222
face,1,223
fall,1,224
fatal,1,225
fathers,1,226
fatigue,1,227
fierce,1,228
finds,1,229
five,1,230
flames,1,231
flesh,1,232
forever,1,233
foundations,1,234
four,1,235
fresh,1,236
friends,1,237
gain,1,238
gaining,1,239
gentiles,1,240
ghetto,1,241
ghettos,1,242
give,1,243
given,1,244
glory,1,245
god,1,246
governor,1,247
gradualism,1,248
granted,1,249
greatest,1,250
guaranteed,1,251
guilty,1,252
hallowed,1,253
hamlet,1,254
hampshire,1,255
happens,1,256
happiness,1,257
happy,1,258
hatred,1,259
having,1,260
heavy,1,261
heightening,1,262
heights,1,263
heir,1,264
her,1,265
hew,1,266
high,1,267
highways,1,268
hills,1,269
hilltops,1,270
himself,1,271
hold,1,272
honoring,1,273
horrors,1,274
hotels,1,275
independence,1,276
inextricably,1,277
insofar,1,278
instead,1,279
interposition,1,280
invigorating,1,281
island,1,282
jangling,1,283
jews,1,284
joyous,1,285
judged,1,286
languished,1,287
larger,1,288
last!3,1,289
lead,1,290
leads,1,291
left,1,292
legitimate,1,293
lift,1,294
light,1,295
lips,1,296
lives,1,297
lodging,1,298
lonely,1,299
lookout,1,300
lord,1,301
louisiana,1,302
low,1,303
luxury,1,304
magnificent,1,305
majestic,1,306
manacles,1,307
many,1,308
march,1,309
marked,1,310
marvelous,1,311
material,1,312
meeting,1,313
midst,1,314
militancy,1,315
millions,1,316
mobility,1,317
molehill,1,318
moment,1,319
momentous,1,320
motels,1,321
mountains,1,322
narrow,1,323
nation's,1,324
needed,1,325
neither,1,326
night,1,327
nineteen,1,328
nor,1,329
northern,1,330
nothing,1,331
nullification,1,332
oasis,1,333
obligation,1,334
obvious,1,335
ocean,1,336
old,1,337
opportunity,1,338
oppression,1,339
overlook,1,340
own,1,341
owners,1,342
palace,1,343
pass,1,344
path,1,345
pennsylvania,1,346
persecution,1,347
pilgrim's,1,348
place,1,349
plain,1,350
plane,1,351
pledge,1,352
poverty,1,353
pray,1,354
presence,1,355
pride,1,356
process,1,357
proclamation,1,358
prodigious,1,359
promise,1,360
promises,1,361
prosperity,1,362
protest,1,363
protestants,1,364
pursuit,1,365
quicksands,1,366
racists,1,367
real,1,368
reality,1,369
red,1,370
redemptive,1,371
remind,1,372
republic,1,373
rest,1,374
returns,1,375
revealed,1,376
revolt,1,377
riches,1,378
right,1,379
righteousness,1,380
rightful,1,381
ring!,1,382
robbed,1,383
rock,1,384
rockies,1,385
rolls,1,386
rooted,1,387
rough,1,388
rude,1,389
sacred,1,390
sadly,1,391
satisfied?,1,392
satisfy,1,393
score,1,394
seared,1,395
security,1,396
see,1,397
seek,1,398
selfevident,1,399
selfhood,1,400
sense,1,401
shadow,1,402
shake,1,403
shameful,1,404
signed,1,405
signing,1,406
signs,1,407
sisters,1,408
sit,1,409
situation,1,410
sixtythree,1,411
skin,1,412
slave,1,413
slopes,1,414
slums,1,415
smaller,1,416
snowcapped,1,417
society,1,418
solid,1,419
somehow,1,420
something,1,421
soul,1,422
speed,1,423
spiritual,1,424
spot,1,425
staggered,1,426
stating,1,427
steam,1,428
storms,1,429
straight,1,430
streamÂ¹,1,431
stripped,1,432
summer,1,433
sunlit,1,434
sweet,1,435
symbolic,1,436
symphony,1,437
table,1,438
take,1,439
tennessee,1,440
thank,1,441
thirst,1,442
though,1,443
threshold,1,444
tied,1,445
together2,1,446
tomorrow,1,447
tranquility,1,448
tranquilizing,1,449
transform,1,450
transformed,1,451
travel,1,452
trials,1,453
tribulations,1,454
truths,1,455
turn,1,456
unalienable,1,457
unearned,1,458
unmindful,1,459
unspeakable,1,460
upon,1,461
usual,1,462
vast,1,463
vaults,1,464
veterans,1,465
vicious,1,466
victim,1,467
village,1,468
violence,1,469
wallow,1,470
warm,1,471
waters,1,472
well,1,473
whirlwinds,1,474
whites,1,475
whose,1,476
winds,1,477
withering,1,478
wrongful,1,479
wrote,1,480
yes,1,481
